feature	year	n_total	%0	%+	%-	%+inf	%-inf	%nan	%finite	mean	std	min	5%	25%	50%	75%	95%	max
close_raw	all	16083360	0	72.5896	0	0	0	27.4104	72.5896	20.4406	36.7539	0.09	2.89	6.64	12.2	22.88	59.6	2601
close_raw	2015	1424960	0	45.6911	0	0	0	54.3089	45.6911	23.1945	21.0233	1.11	6.31	11.01	17.06	27.94	59.43	467.57
close_raw	2016	1424960	0	49.493	0	0	0	50.507	49.493	19.9339	17.979	1.29	5.15	9.43	14.69	24.01	52.4	337.76
close_raw	2017	1424960	0	56.1948	0	0	0	43.8052	56.1948	19.1809	19.0036	1.09	4.99	8.81	13.86	23.36	50.02	719.11
close_raw	2018	1419120	0	60.6797	0	0	0	39.3203	60.6797	14.7264	18.7293	0.21	3.29	5.94	9.83	17.64	41.02	799.19
close_raw	2019	1424960	0	63.4935	0	0	0	36.5065	63.4935	13.9347	23.1922	0.13	2.9	5.37	8.86	15.77	38.7	1233.75
close_raw	2020	1419120	0	68.8821	0	0	0	31.1179	68.8821	19.8918	40.7736	0.12	2.55	5.46	9.97	20.24	65.02	1933
close_raw	2021	1419120	0	77.7703	0	0	0	22.2297	77.7703	24.6751	56.1763	0.12	2.69	5.88	11.22	23.82	81.1	2601
close_raw	2022	1413280	0	85.3712	0	0	0	14.6288	85.3712	22.8427	46.7614	0.12	2.78	6.2	11.8	23.44	73.36	2051.23
close_raw	2023	1413280	0	91.6706	0	0	0	8.32942	91.6706	21.5879	39.0798	0.12	2.66	6.48	12.46	24.3	66.26	1912.9
close_raw	2024	1413280	0	94.8069	0	0	0	5.1931	94.8069	17.2116	30.9703	0.09	1.97	5.71	10.88	20.26	48.5962	1770
close_raw	2025	1419120	0	96.591	0	0	0	3.40901	96.591	22.3852	37.335	0.11	2.39	7.06	14.02	26.41	64.3	1637.86
close_raw	2026	467200	0	98.028	0	0	0	1.97196	98.028	28.1259	49.2058	0.11	2.51	8.02	16.09	31.48	86	1868
up_lim	all	16083360	1.24352e-05	72.2444	0	0	0	27.7556	72.2444	25.3798	461.948	0	3.2	7.4	13.67	25.88	68.42	100000
up_lim	2015	1424960	0.000140355	46.5081	0	0	0	53.4917	46.5083	25.1437	22.7702	0	6.83	11.95	18.55	30.32	64.36	514.33
up_lim	2016	1424960	0	49.5128	0	0	0	50.4872	49.5128	21.8439	19.649	1.29	5.63	10.34	16.14	26.38	57.33	371.54
up_lim	2017	1424960	0	56.2119	0	0	0	43.7881	56.2119	21.0492	20.835	1.14	5.45	9.67	15.24	25.62	54.89	791.02
up_lim	2018	1419120	0	60.5978	0	0	0	39.4022	60.5978	16.2168	20.6163	0.23	3.62	6.53	10.84	19.44	45.11	879.11
up_lim	2019	1424960	0	62.7828	0	0	0	37.2172	62.7828	15.4279	25.6303	0.14	3.25	5.95	9.82	17.44	42.68	1357.13
up_lim	2020	1419120	0	67.5857	0	0	0	32.4143	67.5857	22.49	46.3219	0.13	2.84	6.07	11.1	22.75	74.41	2069.1
up_lim	2021	1419120	0	76.2241	0	0	0	23.7759	76.2241	29.5741	325.435	0.13	2.98	6.6	12.66	27.44	95.58	100000
up_lim	2022	1413280	0	84.4979	0	0	0	15.5021	84.4979	33.1786	820.036	0.13	3.1	7.01	13.38	27.07	86.84	100000
up_lim	2023	1413280	0	91.4059	0	0	0	8.59412	91.4059	31.1686	788.006	0.13	2.95	7.33	14.17	28.04	77.76	100000
up_lim	2024	1413280	0	94.8044	0	0	0	5.19557	94.8044	21.6298	415.737	0.11	2.18	6.44	12.43	23.49	57.01	100000
up_lim	2025	1419120	0	96.5934	0	0	0	3.40662	96.5934	27.8881	437.547	0.13	2.63	7.89	15.98	30.78	75.64	100000
up_lim	2026	467200	0	98.0319	0	0	0	1.96811	98.0319	38.3334	755.371	0.13	2.77	9	18.45	36.73	100.658	100000
dn_lim	all	16083360	0	72.2428	0	0	0	27.7572	72.2428	17.631	31.3768	0.07	2.59	5.89	10.74	19.82	50.91	2340.9
dn_lim	2015	1424960	0	46.5081	0	0	0	53.4919	46.5081	20.5917	18.626	1	5.62	9.81	15.19	24.82	52.66	420.81
dn_lim	2016	1424960	0	49.5128	0	0	0	50.4872	49.5128	17.8948	16.072	0.96	4.63	8.5	13.23	21.59	46.96	303.98
dn_lim	2017	1424960	0	56.2119	0	0	0	43.7881	56.2119	17.2394	17.0457	0.81	4.48	7.93	12.47	20.97	45	647.2
dn_lim	2018	1419120	0	60.5978	0	0	0	39.4022	60.5978	13.2806	16.8664	0.19	2.98	5.36	8.87	15.9	36.91	719.27
dn_lim	2019	1424960	0	62.7828	0	0	0	37.2172	62.7828	12.5822	20.7953	0.12	2.68	4.89	8.05	14.27	34.72	1110.38
dn_lim	2020	1419120	0	67.5857	0	0	0	32.4143	67.5857	17.5174	35.5964	0.11	2.38	4.93	8.965	18.02	56.14	1692.9
dn_lim	2021	1419120	0	76.2234	0	0	0	23.7766	76.2234	21.1288	47.8811	0.11	2.45	5.24	9.86	20.61	67.99	2340.9
dn_lim	2022	1413280	0	84.4922	0	0	0	15.5078	84.4922	19.4194	39.7941	0.11	2.49	5.46	10.26	20.07	60.77	1867.5
dn_lim	2023	1413280	0	91.4002	0	0	0	8.59978	91.4002	18.207	33.4393	0.11	2.34	5.59	10.76	20.56	54.85	1721.61
dn_lim	2024	1413280	0	94.8028	0	0	0	5.1972	94.8028	14.4789	26.6454	0.07	1.76	4.95	9.27	17.03	40.33	1593
dn_lim	2025	1419120	0	96.5916	0	0	0	3.40845	96.5916	18.6843	31.2859	0.09	2.14	6.19	11.93	21.84	52.94	1474.07
dn_lim	2026	467200	0	98.0263	0	0	0	1.97367	98.0263	23.415	40.369	0.09	2.23	6.98	13.62	26.13	71.1	1460
susp	all	16083360	98.6206	1.37939	0	0	0	0	100	0.0137939	0.116635	0	0	0	0	0	0	1
susp	2015	1424960	95.9715	4.02853	0	0	0	0	100	0.0402853	0.196628	0	0	0	0	0	0	1
susp	2016	1424960	96.2132	3.78684	0	0	0	0	100	0.0378684	0.190878	0	0	0	0	0	0	1
susp	2017	1424960	96.4677	3.53231	0	0	0	0	100	0.0353231	0.184595	0	0	0	0	0	0	1
susp	2018	1419120	97.377	2.62296	0	0	0	0	100	0.0262296	0.159818	0	0	0	0	0	0	1
susp	2019	1424960	99.7357	0.264288	0	0	0	0	100	0.00264288	0.051341	0	0	0	0	0	0	1
susp	2020	1419120	99.7577	0.242263	0	0	0	0	100	0.00242263	0.0491605	0	0	0	0	0	0	1
susp	2021	1419120	99.8352	0.16482	0	0	0	0	100	0.0016482	0.0405646	0	0	0	0	0	0	1
susp	2022	1413280	99.7754	0.224584	0	0	0	0	100	0.00224584	0.047337	0	0	0	0	0	0	1
susp	2023	1413280	99.8213	0.178662	0	0	0	0	100	0.00178662	0.0422307	0	0	0	0	0	0	1
susp	2024	1413280	99.7793	0.220692	0	0	0	0	100	0.00220692	0.046926	0	0	0	0	0	0	1
susp	2025	1419120	99.7585	0.241488	0	0	0	0	100	0.00241488	0.049082	0	0	0	0	0	0	1
susp	2026	467200	99.7558	0.244221	0	0	0	0	100	0.00244221	0.0493583	0	0	0	0	0	0	1
mcap_raw	all	16083360	0	72.5896	0	0	0	27.4104	72.5896	1.82826e+10	7.86457e+10	2.54335e+07	1.5735e+09	3.26056e+09	5.77394e+09	1.24715e+10	5.30472e+10	3.26737e+12
mcap_raw	2015	1424960	0	45.6911	0	0	0	54.3089	45.6911	2.06605e+10	7.91908e+10	6.6e+08	2.8512e+09	4.94124e+09	8.19649e+09	1.59096e+10	5.59397e+10	2.68126e+12
mcap_raw	2016	1424960	0	49.493	0	0	0	50.507	49.493	1.80064e+10	6.20024e+10	4.47764e+08	3.39936e+09	5.29257e+09	8.02188e+09	1.44955e+10	4.59614e+10	1.65016e+12
mcap_raw	2017	1424960	0	56.1948	0	0	0	43.8052	56.1948	1.84738e+10	7.0664e+10	2.31602e+08	2.91542e+09	4.70374e+09	7.47882e+09	1.38308e+10	4.88041e+10	2.25962e+12
mcap_raw	2018	1419120	0	60.6797	0	0	0	39.3203	60.6797	1.63147e+10	7.42099e+10	4.602e+07	1.84196e+09	3.08827e+09	5.1941e+09	1.09623e+10	4.44047e+10	2.76215e+12
mcap_raw	2019	1424960	0	63.4935	0	0	0	36.5065	63.4935	1.62871e+10	7.45268e+10	4.836e+07	1.674e+09	2.87232e+09	4.8144e+09	1.0233e+10	4.42397e+10	2.142e+12
mcap_raw	2020	1419120	0	68.8821	0	0	0	31.1179	68.8821	1.86136e+10	7.52297e+10	4.836e+07	1.55371e+09	3.03979e+09	5.46478e+09	1.24539e+10	5.89281e+10	2.42823e+12
mcap_raw	2021	1419120	0	77.7703	0	0	0	22.2297	77.7703	2.03976e+10	8.07816e+10	6.86726e+07	1.4474e+09	2.99386e+09	5.39615e+09	1.32897e+10	6.76964e+10	3.26737e+12
mcap_raw	2022	1413280	0	85.3712	0	0	0	14.6288	85.3712	1.81785e+10	7.19195e+10	6.86726e+07	1.43606e+09	2.94656e+09	5.34589e+09	1.24448e+10	5.74922e+10	2.57675e+12
mcap_raw	2023	1413280	0	91.6706	0	0	0	8.32942	91.6706	1.73933e+10	7.40878e+10	6.86726e+07	1.07862e+09	3.04783e+09	5.35421e+09	1.19124e+10	5.13564e+10	2.40298e+12
mcap_raw	2024	1413280	0	94.8069	0	0	0	5.1931	94.8069	1.61558e+10	8.07252e+10	2.54335e+07	9.71317e+08	2.45413e+09	4.36813e+09	9.85463e+09	4.63465e+10	2.50297e+12
mcap_raw	2025	1419120	0	96.591	0	0	0	3.40901	96.591	1.93695e+10	9.42887e+10	2.54335e+07	1.48025e+09	3.1962e+09	5.60963e+09	1.22835e+10	5.36049e+10	3.00635e+12
mcap_raw	2026	467200	0	98.028	0	0	0	1.97196	98.028	2.25919e+10	1.00363e+11	2.54335e+07	1.53877e+09	3.69389e+09	6.58684e+09	1.47803e+10	7.00627e+10	2.8263e+12
fmcap_raw	all	16083360	0	72.5896	0	0	0	27.4104	72.5896	1.37247e+10	5.85533e+10	3.15249e+06	7.52483e+08	2.18662e+09	4.29231e+09	9.51017e+09	4.15078e+10	3.26737e+12
fmcap_raw	2015	1424960	0	45.6911	0	0	0	54.3089	45.6911	1.50679e+10	5.90946e+10	1.65e+08	1.37352e+09	3.37073e+09	5.90698e+09	1.17274e+10	4.21625e+10	2.37216e+12
fmcap_raw	2016	1424960	0	49.493	0	0	0	50.507	49.493	1.27915e+10	4.60167e+10	1.12752e+08	1.67162e+09	3.58499e+09	5.67385e+09	1.01217e+10	3.37206e+10	1.35205e+12
fmcap_raw	2017	1424960	0	56.1948	0	0	0	43.8052	56.1948	1.29883e+10	5.18547e+10	1.2948e+08	1.00628e+09	2.85432e+09	5.12162e+09	9.58965e+09	3.54153e+10	1.70934e+12
fmcap_raw	2018	1419120	0	60.6797	0	0	0	39.3203	60.6797	1.17049e+10	5.38596e+10	2.5043e+07	7.89677e+08	1.90902e+09	3.61513e+09	7.73914e+09	3.29919e+10	2.08949e+12
fmcap_raw	2019	1424960	0	63.4935	0	0	0	36.5065	63.4935	1.19308e+10	5.45181e+10	2.5043e+07	8.0625e+08	1.92697e+09	3.54452e+09	7.63918e+09	3.36898e+10	1.62037e+12
fmcap_raw	2020	1419120	0	68.8821	0	0	0	31.1179	68.8821	1.36885e+10	5.77383e+10	6.03e+06	8.46007e+08	2.08768e+09	3.97876e+09	9.06184e+09	4.21836e+10	2.42823e+12
fmcap_raw	2021	1419120	0	77.7703	0	0	0	22.2297	77.7703	1.52592e+10	6.52057e+10	6.03e+06	6.90137e+08	1.93195e+09	3.91291e+09	9.77641e+09	4.92501e+10	3.26737e+12
fmcap_raw	2022	1413280	0	85.3712	0	0	0	14.6288	85.3712	1.36347e+10	5.59963e+10	3.15249e+06	6.0333e+08	1.88775e+09	3.88369e+09	9.56548e+09	4.42224e+10	2.57675e+12
fmcap_raw	2023	1413280	0	91.6706	0	0	0	8.32942	91.6706	1.3263e+10	5.52342e+10	3.15249e+06	5.4945e+08	1.96382e+09	3.96068e+09	9.37299e+09	4.15077e+10	2.40298e+12
fmcap_raw	2024	1413280	0	94.8069	0	0	0	5.1931	94.8069	1.2606e+10	5.78051e+10	2.07304e+07	5.08392e+08	1.73722e+09	3.48808e+09	8.22266e+09	4.03209e+10	2.22347e+12
fmcap_raw	2025	1419120	0	96.591	0	0	0	3.40901	96.591	1.53841e+10	6.74471e+10	2.07304e+07	8.43118e+08	2.46395e+09	4.69602e+09	1.05348e+10	4.62239e+10	2.74231e+12
fmcap_raw	2026	467200	0	98.028	0	0	0	1.97196	98.028	1.81112e+10	7.37967e+10	2.07304e+07	8.79029e+08	2.94378e+09	5.617e+09	1.2873e+10	6.06509e+10	2.4518e+12
share_raw	all	16083360	0	72.5896	0	0	0	27.4104	72.5896	1.69536e+09	1.08088e+10	2.6e+07	8.84827e+07	2.31807e+08	5.10657e+08	1.11489e+09	4.64288e+09	3.56406e+11
share_raw	2015	1424960	0	45.6911	0	0	0	54.3089	45.6911	1.73891e+09	1.29837e+10	4e+07	1.17e+08	2.68593e+08	4.7843e+08	9.31172e+08	3.89979e+09	3.56406e+11
share_raw	2016	1424960	0	49.493	0	0	0	50.507	49.493	1.83452e+09	1.25487e+10	4e+07	1.2e+08	3.15594e+08	5.61374e+08	1.0822e+09	4.50085e+09	3.56406e+11
share_raw	2017	1424960	0	56.1948	0	0	0	43.8052	56.1948	1.79171e+09	1.18209e+10	4e+07	9.728e+07	2.97194e+08	5.79416e+08	1.1469e+09	4.55125e+09	3.56406e+11
share_raw	2018	1419120	0	60.6797	0	0	0	39.3203	60.6797	1.78854e+09	1.15375e+10	2.6e+07	1.00888e+08	2.86549e+08	5.80349e+08	1.1808e+09	4.61079e+09	3.56406e+11
share_raw	2019	1424960	0	63.4935	0	0	0	36.5065	63.4935	1.82024e+09	1.14386e+10	2.6e+07	1.06854e+08	2.89372e+08	5.89876e+08	1.22211e+09	4.933e+09	3.56406e+11
share_raw	2020	1419120	0	68.8821	0	0	0	31.1179	68.8821	1.80253e+09	1.11237e+10	2.6e+07	9.88879e+07	2.66635e+08	5.62369e+08	1.2e+09	4.97386e+09	3.56406e+11
share_raw	2021	1419120	0	77.7703	0	0	0	22.2297	77.7703	1.69881e+09	1.05484e+10	2.6e+07	8.23654e+07	2.25e+08	5.11805e+08	1.14422e+09	4.77159e+09	3.56406e+11
share_raw	2022	1413280	0	85.3712	0	0	0	14.6288	85.3712	1.65598e+09	1.01868e+10	2.6e+07	8e+07	2.05135e+08	4.83971e+08	1.11482e+09	4.72494e+09	3.56406e+11
share_raw	2023	1413280	0	91.6706	0	0	0	8.32942	91.6706	1.60319e+09	9.87229e+09	2.6e+07	8e+07	1.93028e+08	4.61721e+08	1.0868e+09	4.62885e+09	3.56406e+11
share_raw	2024	1413280	0	94.8069	0	0	0	5.1931	94.8069	1.58375e+09	9.72571e+09	3.17521e+07	8.17525e+07	1.92148e+08	4.5687e+08	1.08411e+09	4.6288e+09	3.56406e+11
share_raw	2025	1419120	0	96.591	0	0	0	3.40901	96.591	1.58983e+09	9.79944e+09	3.25021e+07	8.584e+07	1.94877e+08	4.58248e+08	1.07387e+09	4.6784e+09	3.56406e+11
share_raw	2026	467200	0	98.028	0	0	0	1.97196	98.028	1.59873e+09	9.86468e+09	3.89415e+07	8.6139e+07	1.94408e+08	4.5864e+08	1.07943e+09	4.64376e+09	3.56406e+11
pe_raw	all	16083360	0	71.9387	0	0	0	28.0613	71.9387	242.255	8222.9	0.1334	10.3798	23.5839	44.0332	98.0062	509.052	2.65383e+06
pe_raw	2015	1424960	0	42.4258	0	0	0	57.5742	42.4258	324.964	4034.25	1.9138	17.1814	40.0603	74.1631	162.306	825.687	447788
pe_raw	2016	1424960	0	48.2472	0	0	0	51.7528	48.2472	340.585	5398.1	4.9437	15.8304	38.6767	73.4276	161.957	853.984	661440
pe_raw	2017	1424960	0	55.9415	0	0	0	44.0585	55.9415	357.393	17497.5	1.4395	15.8747	32.863	54.173	107.777	613.89	2.46942e+06
pe_raw	2018	1419120	0	60.6398	0	0	0	39.3602	60.6398	327.475	22421.6	1.1487	10.4864	21.9906	36.4034	66.7766	327.625	2.65383e+06
pe_raw	2019	1424960	0	63.4593	0	0	0	36.5407	63.4593	121.603	1636.72	0.7029	8.74558	19.6158	34.2291	68.0819	313.47	236810
pe_raw	2020	1419120	0	68.7228	0	0	0	31.2772	68.7228	153.751	2017.09	0.1334	9.17809	22.4758	42.5818	86.7491	364.832	236810
pe_raw	2021	1419120	0	77.5004	0	0	0	22.4996	77.5004	150.574	1757.59	0.1402	8.8949	20.9323	37.8283	75.0474	331.875	116303
pe_raw	2022	1413280	0	84.9453	0	0	0	15.0547	84.9453	180.944	2569.51	0.1402	8.5174	20.5223	36.1965	73.8259	360.835	173070
pe_raw	2023	1413280	0	91.167	0	0	0	8.833	91.167	181.789	1841.63	0.1402	9.6559	21.9298	39.7728	87.4483	472.87	164053
pe_raw	2024	1413280	0	94.2878	0	0	0	5.71224	94.2878	224.732	2635.95	0.1402	10.2262	20.2375	37.7023	94.8415	528.365	313467
pe_raw	2025	1419120	0	96.116	0	0	0	3.88396	96.116	337.105	4872.81	0.1402	11.4239	25.5624	52.503	132.964	696.153	539273
pe_raw	2026	467200	0	97.5071	0	0	0	2.49294	97.5071	371.792	5124.17	0.1402	12.6501	29.2895	61.4292	158.936	787.59	481875
pb_raw	all	16083360	0	72.5801	0	0	0	27.4199	72.5801	8.01423	148.011	0.0226	0.9004	1.7277	2.7637	4.6085	11.7156	45723.6
pb_raw	2015	1424960	0	45.602	0	0	0	54.398	45.602	15.9849	266.431	0.6402	1.67925	3.0503	4.7757	7.76	18.4154	23948.9
pb_raw	2016	1424960	0	49.4744	0	0	0	50.5256	49.4744	14.5396	239.066	0.4896	1.393	2.6359	4.2485	6.7564	14.7392	21788
pb_raw	2017	1424960	0	56.1948	0	0	0	43.8052	56.1948	15.1153	328.636	0.4431	1.4384	2.4354	3.752	5.7737	11.5852	19077.3
pb_raw	2018	1419120	0	60.6797	0	0	0	39.3203	60.6797	9.69143	241.31	0.3112	0.9822	1.6408	2.5466	4.02087	8.7146	45723.6
pb_raw	2019	1424960	0	63.4935	0	0	0	36.5065	63.4935	5.8695	63.3398	0.104	0.8868	1.509	2.3244	3.6911	8.75562	3064.01
pb_raw	2020	1419120	0	68.8821	0	0	0	31.1179	68.8821	5.63578	43.2667	0.0661	0.8276	1.5849	2.6377	4.5605	12.0969	2774.22
pb_raw	2021	1419120	0	77.7703	0	0	0	22.2297	77.7703	6.08906	64.0665	0.0226	0.841565	1.6693	2.7406	4.5763	12.8415	9429.34
pb_raw	2022	1413280	0	85.3712	0	0	0	14.6288	85.3712	5.58137	50.788	0.0817	0.8579	1.6787	2.5884	4.1059	10.7633	4487.31
pb_raw	2023	1413280	0	91.6706	0	0	0	8.32942	91.6706	5.91342	63.9574	0.0817	0.8616	1.6624	2.5452	3.92368	9.44789	3710.12
pb_raw	2024	1413280	0	94.8069	0	0	0	5.1931	94.8069	5.30239	61.9556	0.037	0.7272	1.3906	2.0893	3.2605	8.03162	3710.12
pb_raw	2025	1419120	0	96.591	0	0	0	3.40901	96.591	7.03971	69.2338	0.037	0.8155	1.6827	2.694	4.4623	12.1718	3710.12
pb_raw	2026	467200	0	98.028	0	0	0	1.97196	98.028	8.24646	72.6682	0.037	0.8752	1.9245	3.1191	5.235	15.4754	5893.96
ps_raw	all	16083360	0	72.5872	0	0	0	27.4127	72.5872	53.3164	7222.82	0.0151	0.4952	1.585	3.3014	6.7927	20.4665	2.16793e+06
ps_raw	2015	1424960	0	45.6831	0	0	0	54.3169	45.6831	39.2461	1628	0.0527	0.768425	2.4588	5.2605	11.53	36.6711	176221
ps_raw	2016	1424960	0	49.493	0	0	0	50.507	49.493	19.3561	853.086	0.0868	0.7238	2.3731	5.2382	11.0405	31.4853	135709
ps_raw	2017	1424960	0	56.1948	0	0	0	43.8052	56.1948	10.0768	40.9909	0.0508	0.7321	2.3165	4.7503	9.0557	23.5639	2023.14
ps_raw	2018	1419120	0	60.6797	0	0	0	39.3203	60.6797	7.62689	114.842	0.0247	0.5016	1.4985	3.0066	5.7963	15.3804	10639.1
ps_raw	2019	1424960	0	63.4935	0	0	0	36.5065	63.4935	10.3115	217.782	0.0216	0.4367	1.3233	2.604	5.1498	14.6837	15587.8
ps_raw	2020	1419120	0	68.8819	0	0	0	31.1181	68.8819	26.0948	753.965	0.0192	0.4484	1.4645	3.0251	6.4867	21.8365	81279.3
ps_raw	2021	1419120	0	77.7651	0	0	0	22.2349	77.7651	35.6513	1490.63	0.0162	0.4719	1.531	3.2112	6.5406	21.7459	153883
ps_raw	2022	1413280	0	85.3667	0	0	0	14.6333	85.3667	275.065	19883.6	0.0252	0.4728	1.4683	3.0165	5.9174	17.3988	1.94915e+06
ps_raw	2023	1413280	0	91.6706	0	0	0	8.32942	91.6706	92.5576	9869.38	0.025	0.4738	1.5103	3.0472	6.17897	17.2031	2.16793e+06
ps_raw	2024	1413280	0	94.8069	0	0	0	5.1931	94.8069	12.9335	459.154	0.0151	0.4198	1.3079	2.6238	5.2131	13.7653	93432.6
ps_raw	2025	1419120	0	96.5877	0	0	0	3.41226	96.5877	13.8053	331.553	0.0182	0.4774	1.6156	3.3789	6.7586	18.9942	38706.9
ps_raw	2026	467200	0	98.0109	0	0	0	1.98908	98.0109	13.9747	356.96	0.0168	0.52573	1.85625	3.9326	7.84915	22.4378	30776.8
dy_raw	all	16083360	0	63.3598	0	0	0	36.6402	63.3598	1.3342	1.77835	0.0034	0.1107	0.3584	0.7847	1.6585	4.3681	56.0166
dy_raw	2015	1424960	0	34.3755	0	0	0	65.6245	34.3755	0.686476	0.823051	0.0038	0.0651	0.1944	0.4127	0.8746	2.21022	16.4609
dy_raw	2016	1424960	0	39.5591	0	0	0	60.4409	39.5591	0.758723	0.972854	0.0048	0.065	0.2028	0.4321	0.9427	2.56148	19.2771
dy_raw	2017	1424960	0	45.0243	0	0	0	54.9757	45.0243	0.806181	0.939842	0.0048	0.0794	0.2498	0.5002	1.0072	2.6212	17.6893
dy_raw	2018	1419120	0	51.8999	0	0	0	48.1001	51.8999	1.167	1.32935	0.0057	0.1214	0.369225	0.75	1.4846	3.5714	28.294
dy_raw	2019	1424960	0	56.1154	0	0	0	43.8846	56.1154	1.36166	1.72726	0.0094	0.132	0.4098	0.8508	1.701	4.2373	41.8677
dy_raw	2020	1419120	0	59.5245	0	0	0	40.4755	59.5245	1.32377	1.75921	0.0041	0.1156	0.3557	0.7613	1.642	4.42298	45.2489
dy_raw	2021	1419120	0	66.5855	0	0	0	33.4145	66.5855	1.34309	1.76298	0.0041	0.1176	0.3651	0.7896	1.673	4.38952	38.0435
dy_raw	2022	1413280	0	74.9077	0	0	0	25.0923	74.9077	1.49688	2.02215	0.0041	0.1306	0.4154	0.8865	1.8203	4.8267	56.0166
dy_raw	2023	1413280	0	81.9523	0	0	0	18.0477	81.9523	1.54272	2.09273	0.0034	0.1355	0.4319	0.9051	1.8716	5.05363	47.619
dy_raw	2024	1413280	0	87.5742	0	0	0	12.4258	87.5742	1.70916	2.05149	0.0036	0.1504	0.5089	1.0898	2.1962	5.1593	45.1505
dy_raw	2025	1419120	0	90.6548	0	0	0	9.34523	90.6548	1.49132	1.90703	0.0036	0.1275	0.4122	0.9034	1.8886	4.6875	45.1505
dy_raw	2026	467200	0	91.7021	0	0	0	8.29795	91.7021	1.33917	1.80208	0.0036	0.1042	0.3432	0.7703	1.6899	4.4053	45.1505
rev_raw	all	16083360	0.0255544	70.2599	0.126037	0	0	29.5885	70.4115	1.21083e+10	7.80355e+10	-6.94601e+09	1.62124e+08	6.28514e+08	1.65474e+09	4.86914e+09	3.61821e+10	3.33811e+12
rev_raw	2015	1424960	0	4.06973	0.00757916	0	0	95.9227	4.07731	1.40859e+09	8.30857e+09	-1.06071e+07	7.08276e+07	2.26279e+08	4.59232e+08	1.04476e+09	3.55693e+09	1.92706e+11
rev_raw	2016	1424960	0	44.541	0.0235796	0	0	55.4354	44.5645	8.94521e+09	5.89849e+10	-3.75844e+08	9.58699e+07	4.65778e+08	1.25912e+09	3.65041e+09	2.47501e+10	2.01888e+12
rev_raw	2017	1424960	0	64.4632	0.0404222	0	0	35.4964	64.5036	9.33465e+09	6.05138e+10	-1.07485e+09	1.06526e+08	4.97126e+08	1.37938e+09	3.98114e+09	2.67801e+10	2.31192e+12
rev_raw	2018	1419120	0	68.0506	0.0498901	0	0	31.8996	68.1004	1.04821e+10	6.7992e+10	-2.64904e+09	1.45163e+08	5.90137e+08	1.56675e+09	4.57471e+09	3.02581e+10	2.68821e+12
rev_raw	2019	1424960	0.0204216	69.1516	0.129618	0	0	30.6984	69.3016	1.1684e+10	7.73511e+10	-6.94601e+09	1.5654e+08	6.58241e+08	1.71391e+09	5.05139e+09	3.47256e+10	3.08992e+12
rev_raw	2020	1419120	0.0164891	72.8211	0.125712	0	0	27.0367	72.9633	1.18566e+10	7.63603e+10	-6.94601e+09	1.66321e+08	6.51902e+08	1.67314e+09	4.81448e+09	3.57551e+10	3.05151e+12
rev_raw	2021	1419120	0.0171233	79.027	0.12691	0	0	20.829	79.171	1.24593e+10	7.36259e+10	-3.71986e+09	1.97584e+08	6.99687e+08	1.76434e+09	5.08016e+09	3.83332e+10	2.55472e+12
rev_raw	2022	1413280	0.0289398	85.2877	0.149935	0	0	14.5334	85.4666	1.36213e+10	8.46668e+10	-3.71986e+09	2.06558e+08	7.20087e+08	1.86111e+09	5.3676e+09	4.06072e+10	3.19086e+12
rev_raw	2023	1413280	0.0534218	88.8821	0.206046	0	0	10.8584	89.1416	1.3792e+10	8.95306e+10	-1.18264e+09	1.88617e+08	6.78556e+08	1.8087e+09	5.34917e+09	4.12439e+10	3.33811e+12
rev_raw	2024	1413280	0.0513699	92.942	0.216518	0	0	6.79009	93.2099	1.33185e+10	8.65673e+10	-3.55706e+09	1.80816e+08	6.53958e+08	1.73803e+09	5.18961e+09	4.09204e+10	3.33479e+12
rev_raw	2025	1419120	0.0797677	95.5619	0.247759	0	0	4.11058	95.8894	1.29306e+10	8.24493e+10	-3.55706e+09	1.77015e+08	6.40462e+08	1.69967e+09	5.10093e+09	3.95265e+10	3.10881e+12
rev_raw	2026	467200	0.0684932	96.6858	0.321918	0	0	2.9238	97.0762	1.29332e+10	8.08669e+10	-3.55706e+09	1.79597e+08	6.5377e+08	1.72218e+09	5.18193e+09	3.993e+10	2.86447e+12
pcf_raw	all	16083360	0	51.7684	14.942	0	0	33.2896	66.7104	256.268	71544.7	-2.1374e+06	-146.672	3.26151	17.1582	43.287	199.005	2.96987e+07
pcf_raw	2015	1424960	0	1.95072	0.376923	0	0	97.6724	2.32764	110.276	602.029	-3239.92	-260.964	33.4386	64.9796	130.985	459.506	15309.3
pcf_raw	2016	1424960	0	28.9037	9.00439	0	0	62.0919	37.9081	34.6606	3144.6	-133965	-274.25	2.8263	26.0082	71.6159	322.453	220696
pcf_raw	2017	1424960	0	41.9933	13.7908	0	0	44.2159	55.7841	113.373	12302.3	-253134	-212.564	1.33894	24.335	59.0391	259.811	1.45258e+06
pcf_raw	2018	1419120	0	43.8677	16.5839	0	0	39.5484	60.4516	87.0904	10370.8	-247071	-156.666	-4.98611	16.3036	42.3898	198.746	1.23931e+06
pcf_raw	2019	1424960	0	49.3386	13.7957	0	0	36.8657	63.1343	-161.921	16854.4	-2.1374e+06	-136.739	3.20596	14.8677	36.9273	163.152	152548
pcf_raw	2020	1419120	0	55.5712	12.5113	0	0	31.9175	68.0825	16.2548	7168.39	-933769	-119.404	5.13958	17.5073	42.8187	178.913	358163
pcf_raw	2021	1419120	0	61.9936	14.768	0	0	23.2384	76.7616	145.535	7047.82	-183923	-111.182	4.98853	18.4585	45.66	201.513	685716
pcf_raw	2022	1413280	0	64.6877	19.3809	0	0	15.9314	84.0686	126.63	6322.14	-89506.9	-136.086	2.51664	17.2036	42.5093	200.12	619567
pcf_raw	2023	1413280	0	68.4949	19.9677	0	0	11.5374	88.4626	82.6706	5532.48	-282371	-128.885	2.93601	15.5274	38.0085	182.156	358163
pcf_raw	2024	1413280	0	70.9748	21.6365	0	0	7.38863	92.6114	1669.73	203159	-295127	-114.163	2.42196	13.4053	31.4378	146.507	2.96987e+07
pcf_raw	2025	1419120	0	74.1428	21.0462	0	0	4.81101	95.189	16.2736	12562	-2.10458e+06	-163.052	3.63317	17.4645	42.5027	192.886	430800
pcf_raw	2026	467200	0	76.3219	19.9857	0	0	3.69242	96.3076	161.248	6439.83	-272077	-180.617	5.03833	20.218	50.7633	238.437	358163
roe_raw	all	16083360	0	57.8583	13.7086	0	0	28.4331	71.5669	-7.26004	356.7	-130789	-29.1324	1.725	6.9067	12.5712	25.647	17475.7
roe_raw	2015	1424960	0	2.85917	0.0915113	0	0	97.0493	2.95068	19.0441	20.3168	-272.812	2.8835	11.7058	17.9213	25.2856	43.901	129.418
roe_raw	2016	1424960	0	38.4302	5.82339	0	0	55.7464	44.2536	7.57235	79.5597	-3106.23	-13.3029	2.8374	8.0938	14.3642	31.4814	6138.69
roe_raw	2017	1424960	0	59.0346	6.33239	0	0	34.633	65.367	10.1347	108.672	-3106.23	-7.3312	3.9711	8.6578	14.8575	30.8139	6138.69
roe_raw	2018	1419120	0	64.406	6.17594	0	0	29.418	70.582	4.53029	317.867	-19098.3	-5.5733	4.2945	8.7798	14.6551	29.9041	6138.69
roe_raw	2019	1424960	0	62.1877	9.61529	0	0	28.197	71.803	-1.96507	349.093	-19098.3	-22.4008	3.2181	8.0789	13.9789	28.2593	6138.69
roe_raw	2020	1419120	0	61.6343	13.0925	0	0	25.2733	74.7267	-5.18139	341.451	-18057.9	-35.408	2.1645	7.4771	13.5763	27.3729	6138.69
roe_raw	2021	1419120	0	66.7427	13.2345	0	0	20.0228	79.9772	-8.01299	401.332	-18057.9	-33.2656	2.9251	8.5089	14.4886	28.0777	6138.69
roe_raw	2022	1413280	0	69.2668	16.5632	0	0	14.1699	85.8301	-12.5783	435.746	-19319	-35.1662	1.8738	7.6312	13.3986	26.4128	17475.7
roe_raw	2023	1413280	0	70.2914	21.802	0	0	7.90657	92.0934	-13.6868	417.046	-19319	-36.1159	0.4832	6.1189	11.4913	22.9849	17475.7
roe_raw	2024	1413280	0	70.0625	24.8283	0	0	5.10925	94.8907	-15.1791	337.292	-19319	-36.4929	-0.4508	4.8599	9.8656	19.5029	6138.69
roe_raw	2025	1419120	0	68.4015	28.2781	0	0	3.32037	96.6796	-17.5001	320.348	-14750.8	-47.8079	-1.8406	4.1341	9.0242	18.2692	6138.69
roe_raw	2026	467200	0	68.6618	29.4531	0	0	1.88506	98.1149	-19.8112	601.961	-130789	-50.0481	-2.1954	4.0992	8.9632	18.4477	6138.69
roa_raw	all	16083360	0.00304041	58.3185	12.4596	0	0	29.2189	70.7811	-18.9281	5859.24	-1.3248e+06	-10.4378	1.6418	4.9463	9.0728	18.8029	1.15774e+06
roa_raw	2015	1424960	0	2.87601	0.0835111	0	0	97.0405	2.95952	26.0665	299.693	-278.156	2.4431	7.7613	12.2307	17.1896	31.0647	6807.76
roa_raw	2016	1424960	0.00315798	39.0916	4.95789	0	0	55.9474	44.0526	16.2798	394.973	-5511.26	-5.0712	2.6878	5.8118	10.3101	21.6644	18488.7
roa_raw	2017	1424960	0.00540366	59.5901	5.21888	0	0	35.1856	64.8144	15.4957	637.544	-5511.26	-2.62757	3.314	6.3678	11.0263	22.3445	85237.7
roa_raw	2018	1419120	0.00873781	64.5091	5.16524	0	0	30.3169	69.6831	-93.8347	11852.9	-1.3248e+06	-1.959	3.547	6.5627	10.8333	21.4392	85237.7
roa_raw	2019	1424960	0.0115793	62.3623	8.33301	0	0	29.2931	70.7069	-92.8475	11506	-1.3248e+06	-8.434	2.8785	5.8617	10.1333	20.9141	6159.72
roa_raw	2020	1419120	0.00549636	62.7681	10.8624	0	0	26.364	73.636	6.13589	95.3464	-491.004	-12.9015	2.1296	5.3812	9.873	20.495	6159.72
roa_raw	2021	1419120	0	67.3823	11.5963	0	0	21.0214	78.9786	6.86886	93.0909	-1077.29	-11.72	2.3873	5.9101	10.4801	20.7133	6159.72
roa_raw	2022	1413280	0	69.802	15.0937	0	0	15.1043	84.8957	6.46255	90.8262	-578.691	-12.0422	1.7144	5.3212	9.6263	19.764	6159.72
roa_raw	2023	1413280	0	70.5971	20.5027	0	0	8.90022	91.0998	4.6903	86.2829	-710.397	-12.2947	0.6377	4.2665	8.1005	16.4604	6159.72
roa_raw	2024	1413280	0	70.389	23.6013	0	0	6.00971	93.9903	3.53638	84.3218	-675.472	-12.2475	-0.0271001	3.4277	6.8659	13.8598	6159.72
roa_raw	2025	1419120	0	68.9519	26.796	0	0	4.25214	95.7479	-68.6458	9102.91	-1.15773e+06	-13.2509	-0.7293	2.9224	6.3977	13.1582	6159.72
roa_raw	2026	467200	0	69.3039	27.8393	0	0	2.85681	97.1432	13.013	3438.01	-646.229	-13.2509	-0.8771	2.8799	6.3952	13.1969	1.15774e+06
ni_raw	all	16083360	0	61.3743	13.1987	0	0	25.427	74.573	8.20863e+08	8.5762e+09	-6.90175e+10	-3.37524e+08	2.15928e+07	8.84635e+07	2.87277e+08	2.02814e+09	3.67212e+11
ni_raw	2015	1424960	0	4.75066	0.0691248	0	0	95.1802	4.81978	1.66038e+08	1.10644e+09	-9.79342e+07	3.72318e+06	2.84696e+07	5.04236e+07	9.20958e+07	4.11368e+08	3.0469e+10
ni_raw	2016	1424960	0	42.484	6.26509	0	0	51.2509	48.7491	6.98048e+08	7.73421e+09	-8.00528e+09	-1.05474e+08	1.93333e+07	6.48797e+07	1.9404e+08	1.37284e+09	2.76471e+11
ni_raw	2017	1424960	0	61.0006	8.36795	0	0	30.6315	69.3685	6.81278e+08	7.4508e+09	-8.04514e+09	-9.98405e+07	2.32827e+07	7.23769e+07	2.18259e+08	1.37096e+09	2.7769e+11
ni_raw	2018	1419120	0	67.3818	7.27923	0	0	25.3389	74.6611	7.21868e+08	7.37496e+09	-1.33487e+10	-6.09497e+07	2.86301e+07	8.5158e+07	2.65836e+08	1.56751e+09	2.82149e+11
ni_raw	2019	1424960	0	67.8172	9.01674	0	0	23.1661	76.8339	7.81236e+08	7.68349e+09	-1.33487e+10	-1.44773e+08	2.71438e+07	8.91451e+07	2.95233e+08	1.89536e+09	2.91863e+11
ni_raw	2020	1419120	0	67.5546	11.99	0	0	20.4554	79.5446	7.99935e+08	8.0845e+09	-2.46533e+10	-3.87618e+08	2.48814e+07	8.92063e+07	3.00498e+08	1.99232e+09	3.0495e+11
ni_raw	2021	1419120	0	70.2335	14.1665	0	0	15.6	84.4	7.95486e+08	8.22384e+09	-3.17301e+10	-4.6709e+08	2.71932e+07	9.64191e+07	3.10895e+08	2.05754e+09	3.14065e+11
ni_raw	2022	1413280	0	72.6291	15.9181	0	0	11.4528	88.5472	8.64993e+08	8.61272e+09	-3.17301e+10	-4.54881e+08	2.98923e+07	1.06825e+08	3.39101e+08	2.33013e+09	3.32122e+11
ni_raw	2023	1413280	0	74.1075	18.8121	0	0	7.08041	92.9196	9.19241e+08	9.21818e+09	-2.97425e+10	-4.63388e+08	2.55065e+07	1.06643e+08	3.47425e+08	2.49604e+09	3.5441e+11
ni_raw	2024	1413280	0	73.1262	22.4408	0	0	4.43295	95.5671	9.23975e+08	9.63687e+09	-2.97425e+10	-4.70338e+08	9.16667e+06	9.45264e+07	3.20565e+08	2.4425e+09	3.62238e+11
ni_raw	2025	1419120	0	71.2892	26.2197	0	0	2.49112	97.5089	9.01734e+08	9.81131e+09	-2.2777e+10	-5.00562e+08	-1.09696e+07	8.24802e+07	2.89049e+08	2.25115e+09	3.64928e+11
ni_raw	2026	467200	0	71.0203	27.8774	0	0	1.10231	98.8977	8.96534e+08	9.91607e+09	-6.90175e+10	-5.17523e+08	-1.73042e+07	7.68107e+07	2.81351e+08	2.22512e+09	3.67212e+11
mb	all	16083360	40.4966	59.5034	0	0	0	0	100	0.595034	0.490885	0	0	0	1	1	1	1
mb	2015	1424960	40.4966	59.5034	0	0	0	0	100	0.595034	0.490885	0	0	0	1	1	1	1
mb	2016	1424960	40.4966	59.5034	0	0	0	0	100	0.595034	0.490885	0	0	0	1	1	1	1
mb	2017	1424960	40.4966	59.5034	0	0	0	0	100	0.595034	0.490885	0	0	0	1	1	1	1
mb	2018	1419120	40.4966	59.5034	0	0	0	0	100	0.595034	0.490885	0	0	0	1	1	1	1
mb	2019	1424960	40.4966	59.5034	0	0	0	0	100	0.595034	0.490885	0	0	0	1	1	1	1
mb	2020	1419120	40.4966	59.5034	0	0	0	0	100	0.595034	0.490885	0	0	0	1	1	1	1
mb	2021	1419120	40.4966	59.5034	0	0	0	0	100	0.595034	0.490885	0	0	0	1	1	1	1
mb	2022	1413280	40.4966	59.5034	0	0	0	0	100	0.595034	0.490885	0	0	0	1	1	1	1
mb	2023	1413280	40.4966	59.5034	0	0	0	0	100	0.595034	0.490885	0	0	0	1	1	1	1
mb	2024	1413280	40.4966	59.5034	0	0	0	0	100	0.595034	0.490885	0	0	0	1	1	1	1
mb	2025	1419120	40.4966	59.5034	0	0	0	0	100	0.595034	0.490885	0	0	0	1	1	1	1
mb	2026	467200	40.4966	59.5034	0	0	0	0	100	0.595034	0.490885	0	0	0	1	1	1	1
list_age	all	16083360	0.0196725	73.7774	26.203	0	0	0	100	2777.8	3673.72	-4144	-2089	-93	1933	5363	9637	12942
list_age	2015	1424960	0.0156496	48.1288	51.8556	0	0	0	100	894.179	3475.42	-4144	-3086	-2061	-258	3088	7392	9161
list_age	2016	1424960	0.0159303	50.9341	49.0499	0	0	0	100	1259.07	3475.42	-3780	-2721	-1696	107	3453	7757	9526
list_age	2017	1424960	0.0307377	57.6331	42.3361	0	0	0	100	1625.04	3475.4	-3415	-2354	-1330	473	3820	8124	9890
list_age	2018	1419120	0.00739895	62.019	37.9736	0	0	0	100	1988.31	3475.42	-3051	-1992	-967	836	4183	8487	10254
list_age	2019	1424960	0.014246	64.2298	35.756	0	0	0	100	2354.69	3475.42	-2686	-1625	-601	1203	4549	8854	10622
list_age	2020	1419120	0.0307937	69.3138	30.6554	0	0	0	100	2721.46	3475.42	-2321	-1259	-234	1569	4916	9219	10988
list_age	2021	1419120	0.0369243	78.2054	21.7576	0	0	0	100	3086.37	3475.43	-1953	-894	131	1934	5281	9585	11353
list_age	2022	1413280	0.0302842	86.0014	13.9683	0	0	0	100	3452.09	3475.41	-1588	-527	497	2300	5647	9951	11717
list_age	2023	1413280	0.0221471	92.8883	7.08961	0	0	0	100	3815.74	3475.4	-1224	-163	861	2663	6011	10314	12081
list_age	2024	1413280	0.00707574	96.2373	3.75559	0	0	0	100	4181.43	3475.44	-860	201	1226	3030	6376	10681	12449
list_age	2025	1419120	0.00817408	98.0293	1.96248	0	0	0	100	4547.77	3475.41	-494	568	1592	3395	6742	11046	12814
list_age	2026	467200	0.0107021	99.4664	0.522902	0	0	0	100	4791.63	3474.02	-126	835	1831	3626	6993	11312	12942
low_p	all	16083360	99.0576	0.942434	0	0	0	0	100	0.00942434	0.0966205	0	0	0	0	0	0	1
low_p	2015	1424960	100	0	0	0	0	0	100	0	0	0	0	0	0	0	0	0
low_p	2016	1424960	100	0	0	0	0	0	100	0	0	0	0	0	0	0	0	0
low_p	2017	1424960	100	0	0	0	0	0	100	0	0	0	0	0	0	0	0	0
low_p	2018	1419120	99.9614	0.0386155	0	0	0	0	100	0.000386155	0.019647	0	0	0	0	0	0	1
low_p	2019	1424960	99.8603	0.139653	0	0	0	0	100	0.00139653	0.0373441	0	0	0	0	0	0	1
low_p	2020	1419120	99.5963	0.403701	0	0	0	0	100	0.00403701	0.0634091	0	0	0	0	0	0	1
low_p	2021	1419120	99.3347	0.665342	0	0	0	0	100	0.00665342	0.0812967	0	0	0	0	0	0	1
low_p	2022	1413280	98.9208	1.07919	0	0	0	0	100	0.0107919	0.103322	0	0	0	0	0	0	1
low_p	2023	1413280	98.2492	1.75082	0	0	0	0	100	0.0175082	0.131155	0	0	0	0	0	0	1
low_p	2024	1413280	97.4571	2.54288	0	0	0	0	100	0.0254288	0.157424	0	0	0	0	0	0	1
low_p	2025	1419120	96.9778	3.02223	0	0	0	0	100	0.0302223	0.171198	0	0	0	0	0	0	1
low_p	2026	467200	96.7802	3.21982	0	0	0	0	100	0.0321982	0.176526	0	0	0	0	0	0	1
low_mc	all	16083360	99.2508	0.74919	0	0	0	0	100	0.0074919	0.0862309	0	0	0	0	0	0	1
low_mc	2015	1424960	100	0	0	0	0	0	100	0	0	0	0	0	0	0	0	0
low_mc	2016	1424960	100	0	0	0	0	0	100	0	0	0	0	0	0	0	0	0
low_mc	2017	1424960	99.9924	0.00764934	0	0	0	0	100	7.64934e-05	0.00874572	0	0	0	0	0	0	1
low_mc	2018	1419120	99.9355	0.0644766	0	0	0	0	100	0.000644766	0.0253841	0	0	0	0	0	0	1
low_mc	2019	1424960	99.578	0.421977	0	0	0	0	100	0.00421977	0.0648225	0	0	0	0	0	0	1
low_mc	2020	1419120	99.4662	0.533781	0	0	0	0	100	0.00533781	0.0728651	0	0	0	0	0	0	1
low_mc	2021	1419120	99.2781	0.721856	0	0	0	0	100	0.00721856	0.0846549	0	0	0	0	0	0	1
low_mc	2022	1413280	99.0252	0.974754	0	0	0	0	100	0.00974754	0.0982473	0	0	0	0	0	0	1
low_mc	2023	1413280	98.7026	1.29741	0	0	0	0	100	0.0129741	0.113162	0	0	0	0	0	0	1
low_mc	2024	1413280	98.2656	1.73441	0	0	0	0	100	0.0173441	0.13055	0	0	0	0	0	0	1
low_mc	2025	1419120	97.9795	2.02055	0	0	0	0	100	0.0202055	0.140703	0	0	0	0	0	0	1
low_mc	2026	467200	97.7866	2.2134	0	0	0	0	100	0.022134	0.147119	0	0	0	0	0	0	1
limit_up	all	16083360	98.622	1.37795	0	0	0	0	100	0.0137795	0.116574	0	0	0	0	0	0	1
limit_up	2015	1424960	97.3034	2.69657	0	0	0	0	100	0.0269657	0.161983	0	0	0	0	0	0	1
limit_up	2016	1424960	98.9861	1.01392	0	0	0	0	100	0.0101392	0.100182	0	0	0	0	0	0	1
limit_up	2017	1424960	99.0715	0.928517	0	0	0	0	100	0.00928517	0.0959112	0	0	0	0	0	0	1
limit_up	2018	1419120	99.0431	0.956861	0	0	0	0	100	0.00956861	0.0973501	0	0	0	0	0	0	1
limit_up	2019	1424960	98.8404	1.15961	0	0	0	0	100	0.0115961	0.107059	0	0	0	0	0	0	1
limit_up	2020	1419120	98.5698	1.43018	0	0	0	0	100	0.0143018	0.118732	0	0	0	0	0	0	1
limit_up	2021	1419120	98.4155	1.5845	0	0	0	0	100	0.015845	0.124876	0	0	0	0	0	0	1
limit_up	2022	1413280	98.6121	1.38791	0	0	0	0	100	0.0138791	0.116989	0	0	0	0	0	0	1
limit_up	2023	1413280	99.1319	0.868122	0	0	0	0	100	0.00868122	0.0927678	0	0	0	0	0	0	1
limit_up	2024	1413280	98.3583	1.64171	0	0	0	0	100	0.0164171	0.127073	0	0	0	0	0	0	1
limit_up	2025	1419120	98.5607	1.43927	0	0	0	0	100	0.0143927	0.119103	0	0	0	0	0	0	1
limit_up	2026	467200	98.476	1.52397	0	0	0	0	100	0.0152397	0.122505	0	0	0	0	0	0	1
limit_dn	all	16083360	99.322	0.678036	0	0	0	0	100	0.00678036	0.0820633	0	0	0	0	0	0	1
limit_dn	2015	1424960	97.7936	2.20638	0	0	0	0	100	0.0220638	0.146891	0	0	0	0	0	0	1
limit_dn	2016	1424960	99.291	0.709002	0	0	0	0	100	0.00709002	0.0839032	0	0	0	0	0	0	1
limit_dn	2017	1424960	99.77	0.230042	0	0	0	0	100	0.00230042	0.0479074	0	0	0	0	0	0	1
limit_dn	2018	1419120	99.4121	0.5879	0	0	0	0	100	0.005879	0.0764489	0	0	0	0	0	0	1
limit_dn	2019	1424960	99.5596	0.440433	0	0	0	0	100	0.00440433	0.0662188	0	0	0	0	0	0	1
limit_dn	2020	1419120	99.3251	0.674855	0	0	0	0	100	0.00674855	0.0818719	0	0	0	0	0	0	1
limit_dn	2021	1419120	99.5325	0.467543	0	0	0	0	100	0.00467543	0.0682171	0	0	0	0	0	0	1
limit_dn	2022	1413280	99.4988	0.501245	0	0	0	0	100	0.00501245	0.070621	0	0	0	0	0	0	1
limit_dn	2023	1413280	99.7117	0.288266	0	0	0	0	100	0.00288266	0.0536129	0	0	0	0	0	0	1
limit_dn	2024	1413280	99.1768	0.823191	0	0	0	0	100	0.00823191	0.0903557	0	0	0	0	0	0	1
limit_dn	2025	1419120	99.4197	0.580289	0	0	0	0	100	0.00580289	0.0759554	0	0	0	0	0	0	1
limit_dn	2026	467200	99.4923	0.507705	0	0	0	0	100	0.00507705	0.0710723	0	0	0	0	0	0	1
profit_st	all	16083360	98.6315	1.36848	0	0	0	0	100	0.0136848	0.116179	0	0	0	0	0	0	1
profit_st	2015	1424960	99.8598	0.140214	0	0	0	0	100	0.00140214	0.037419	0	0	0	0	0	0	1
profit_st	2016	1424960	99.7488	0.251235	0	0	0	0	100	0.00251235	0.0500604	0	0	0	0	0	0	1
profit_st	2017	1424960	99.7785	0.22155	0	0	0	0	100	0.0022155	0.0470169	0	0	0	0	0	0	1
profit_st	2018	1419120	99.7587	0.241347	0	0	0	0	100	0.00241347	0.0490677	0	0	0	0	0	0	1
profit_st	2019	1424960	99.5704	0.429556	0	0	0	0	100	0.00429556	0.0653996	0	0	0	0	0	0	1
profit_st	2020	1419120	99.1188	0.88118	0	0	0	0	100	0.0088118	0.0934567	0	0	0	0	0	0	1
profit_st	2021	1419120	99.224	0.775974	0	0	0	0	100	0.00775974	0.0877469	0	0	0	0	0	0	1
profit_st	2022	1413280	98.693	1.30696	0	0	0	0	100	0.0130696	0.113573	0	0	0	0	0	0	1
profit_st	2023	1413280	97.956	2.04397	0	0	0	0	100	0.0204397	0.141499	0	0	0	0	0	0	1
profit_st	2024	1413280	97.716	2.28405	0	0	0	0	100	0.0228405	0.149395	0	0	0	0	0	0	1
profit_st	2025	1419120	96.8013	3.19874	0	0	0	0	100	0.0319874	0.175967	0	0	0	0	0	0	1
profit_st	2026	467200	88.5987	11.4013	0	0	0	0	100	0.114013	0.317827	0	0	0	0	0	1	1
revenue_st	all	16083360	99.9363	0.0636869	0	0	0	0	100	0.000636869	0.0252282	0	0	0	0	0	0	1
revenue_st	2015	1424960	100	0	0	0	0	0	100	0	0	0	0	0	0	0	0	0
revenue_st	2016	1424960	100	0	0	0	0	0	100	0	0	0	0	0	0	0	0	0
revenue_st	2017	1424960	100	0	0	0	0	0	100	0	0	0	0	0	0	0	0	0
revenue_st	2018	1419120	100	0	0	0	0	0	100	0	0	0	0	0	0	0	0	0
revenue_st	2019	1424960	100	0	0	0	0	0	100	0	0	0	0	0	0	0	0	0
revenue_st	2020	1419120	100	0	0	0	0	0	100	0	0	0	0	0	0	0	0	0
revenue_st	2021	1419120	99.9996	0.000352331	0	0	0	0	100	3.52331e-06	0.00187704	0	0	0	0	0	0	1
revenue_st	2022	1413280	99.9033	0.0966546	0	0	0	0	100	0.000966546	0.0310743	0	0	0	0	0	0	1
revenue_st	2023	1413280	99.9471	0.0528558	0	0	0	0	100	0.000528558	0.0229843	0	0	0	0	0	0	1
revenue_st	2024	1413280	99.9435	0.0564644	0	0	0	0	100	0.000564644	0.0237555	0	0	0	0	0	0	1
revenue_st	2025	1419120	99.6699	0.330064	0	0	0	0	100	0.00330064	0.0573563	0	0	0	0	0	0	1
revenue_st	2026	467200	99.4343	0.565711	0	0	0	0	100	0.00565711	0.0750007	0	0	0	0	0	0	1
dividend_st	all	16083360	92.5457	7.45431	0	0	0	0	100	0.0745431	0.262653	0	0	0	0	0	1	1
dividend_st	2015	1424960	97.7448	2.25515	0	0	0	0	100	0.0225515	0.148469	0	0	0	0	0	0	1
dividend_st	2016	1424960	87.9219	12.0781	0	0	0	0	100	0.120781	0.325873	0	0	0	0	0	1	1
dividend_st	2017	1424960	86.0788	13.9212	0	0	0	0	100	0.139212	0.346168	0	0	0	0	0	1	1
dividend_st	2018	1419120	87.6936	12.3064	0	0	0	0	100	0.123064	0.328511	0	0	0	0	0	1	1
dividend_st	2019	1424960	91.2241	8.7759	0	0	0	0	100	0.087759	0.282944	0	0	0	0	0	1	1
dividend_st	2020	1419120	92.5266	7.47336	0	0	0	0	100	0.0747336	0.262961	0	0	0	0	0	1	1
dividend_st	2021	1419120	93.3156	6.68442	0	0	0	0	100	0.0668442	0.249752	0	0	0	0	0	1	1
dividend_st	2022	1413280	93.9492	6.05082	0	0	0	0	100	0.0605082	0.238426	0	0	0	0	0	1	1
dividend_st	2023	1413280	94.5583	5.44167	0	0	0	0	100	0.0544167	0.226838	0	0	0	0	0	1	1
dividend_st	2024	1413280	95.7978	4.20221	0	0	0	0	100	0.0420221	0.20064	0	0	0	0	0	0	1
dividend_st	2025	1419120	96.1325	3.86754	0	0	0	0	100	0.0386754	0.19282	0	0	0	0	0	0	1
dividend_st	2026	467200	95.9373	4.06271	0	0	0	0	100	0.0406271	0.197425	0	0	0	0	0	0	1
risk_warn	all	16083360	97.6548	2.34523	0	0	0	0	100	0.0234523	0.151335	0	0	0	0	0	0	1
risk_warn	2015	1424960	99.4488	0.551173	0	0	0	0	100	0.00551173	0.0740362	0	0	0	0	0	0	1
risk_warn	2016	1424960	98.994	1.00599	0	0	0	0	100	0.0100599	0.0997934	0	0	0	0	0	0	1
risk_warn	2017	1424960	98.8288	1.17119	0	0	0	0	100	0.0117119	0.107586	0	0	0	0	0	0	1
risk_warn	2018	1419120	98.6312	1.36881	0	0	0	0	100	0.0136881	0.116192	0	0	0	0	0	0	1
risk_warn	2019	1424960	97.9006	2.09936	0	0	0	0	100	0.0209936	0.143363	0	0	0	0	0	0	1
risk_warn	2020	1419120	96.7667	3.23327	0	0	0	0	100	0.0323327	0.176882	0	0	0	0	0	0	1
risk_warn	2021	1419120	96.6068	3.39316	0	0	0	0	100	0.0339316	0.181053	0	0	0	0	0	0	1
risk_warn	2022	1413280	97.1928	2.80723	0	0	0	0	100	0.0280723	0.165179	0	0	0	0	0	0	1
risk_warn	2023	1413280	97.4697	2.53028	0	0	0	0	100	0.0253028	0.157043	0	0	0	0	0	0	1
risk_warn	2024	1413280	97.0008	2.99919	0	0	0	0	100	0.0299919	0.170565	0	0	0	0	0	0	1
risk_warn	2025	1419120	96.0175	3.98254	0	0	0	0	100	0.0398254	0.195549	0	0	0	0	0	0	1
risk_warn	2026	467200	95.5912	4.40882	0	0	0	0	100	0.0440882	0.205291	0	0	0	0	0	0	1
trading_st	all	16083360	98.9388	1.0612	0	0	0	0	100	0.010612	0.102466	0	0	0	0	0	0	1
trading_st	2015	1424960	100	0	0	0	0	0	100	0	0	0	0	0	0	0	0	0
trading_st	2016	1424960	100	0	0	0	0	0	100	0	0	0	0	0	0	0	0	0
trading_st	2017	1424960	99.9937	0.00631597	0	0	0	0	100	6.31597e-05	0.00794705	0	0	0	0	0	0	1
trading_st	2018	1419120	99.927	0.073003	0	0	0	0	100	0.00073003	0.0270092	0	0	0	0	0	0	1
trading_st	2019	1424960	99.5196	0.480435	0	0	0	0	100	0.00480435	0.0691467	0	0	0	0	0	0	1
trading_st	2020	1419120	99.2991	0.700927	0	0	0	0	100	0.00700927	0.0834275	0	0	0	0	0	0	1
trading_st	2021	1419120	99.0562	0.943824	0	0	0	0	100	0.00943824	0.0966911	0	0	0	0	0	0	1
trading_st	2022	1413280	98.7503	1.24972	0	0	0	0	100	0.0124972	0.11109	0	0	0	0	0	0	1
trading_st	2023	1413280	98.2042	1.79575	0	0	0	0	100	0.0179575	0.132797	0	0	0	0	0	0	1
trading_st	2024	1413280	97.4292	2.57083	0	0	0	0	100	0.0257083	0.158264	0	0	0	0	0	0	1
trading_st	2025	1419120	96.8721	3.12792	0	0	0	0	100	0.0312792	0.174071	0	0	0	0	0	0	1
trading_st	2026	467200	96.661	3.33904	0	0	0	0	100	0.0333904	0.179654	0	0	0	0	0	0	1
new_list	all	16083360	73.0107	26.9893	0	0	0	0	100	0.269893	0.443904	0	0	0	0	1	1	1
new_list	2015	1424960	47.5273	52.4727	0	0	0	0	100	0.524727	0.499388	0	0	0	1	1	1	1
new_list	2016	1424960	50.3635	49.6365	0	0	0	0	100	0.496365	0.499987	0	0	0	0	1	1	1
new_list	2017	1424960	56.3835	43.6165	0	0	0	0	100	0.436165	0.495908	0	0	0	0	1	1	1
new_list	2018	1419120	61.681	38.319	0	0	0	0	100	0.38319	0.486164	0	0	0	0	1	1	1
new_list	2019	1424960	63.7135	36.2865	0	0	0	0	100	0.362865	0.480826	0	0	0	0	1	1	1
new_list	2020	1419120	68.1807	31.8193	0	0	0	0	100	0.318193	0.465775	0	0	0	0	1	1	1
new_list	2021	1419120	76.7414	23.2586	0	0	0	0	100	0.232586	0.422481	0	0	0	0	0	1	1
new_list	2022	1413280	84.862	15.138	0	0	0	0	100	0.15138	0.358419	0	0	0	0	0	1	1
new_list	2023	1413280	91.9349	8.06514	0	0	0	0	100	0.0806514	0.272299	0	0	0	0	0	1	1
new_list	2024	1413280	95.9453	4.05468	0	0	0	0	100	0.0405468	0.197238	0	0	0	0	0	0	1
new_list	2025	1419120	97.7304	2.26965	0	0	0	0	100	0.0226965	0.148934	0	0	0	0	0	0	1
new_list	2026	467200	99.0715	0.92851	0	0	0	0	100	0.0092851	0.0959108	0	0	0	0	0	0	1
pool_b	all	16083360	41.5849	58.4151	0	0	0	0	100	0.584151	0.492868	0	0	0	1	1	1	1
pool_b	2015	1424960	43.7826	56.2174	0	0	0	0	100	0.562174	0.496119	0	0	0	1	1	1	1
pool_b	2016	1424960	43.4284	56.5716	0	0	0	0	100	0.565716	0.495663	0	0	0	1	1	1	1
pool_b	2017	1424960	43.2505	56.7495	0	0	0	0	100	0.567495	0.495423	0	0	0	1	1	1	1
pool_b	2018	1419120	42.6351	57.3649	0	0	0	0	100	0.573649	0.494546	0	0	0	1	1	1	1
pool_b	2019	1424960	40.7072	59.2928	0	0	0	0	100	0.592928	0.491288	0	0	0	1	1	1	1
pool_b	2020	1419120	40.6856	59.3144	0	0	0	0	100	0.593144	0.491248	0	0	0	1	1	1	1
pool_b	2021	1419120	40.6211	59.3789	0	0	0	0	100	0.593789	0.491125	0	0	0	1	1	1	1
pool_b	2022	1413280	40.6546	59.3454	0	0	0	0	100	0.593454	0.491189	0	0	0	1	1	1	1
pool_b	2023	1413280	40.6278	59.3722	0	0	0	0	100	0.593722	0.491138	0	0	0	1	1	1	1
pool_b	2024	1413280	40.6721	59.3279	0	0	0	0	100	0.593279	0.491222	0	0	0	1	1	1	1
pool_b	2025	1419120	40.6443	59.3557	0	0	0	0	100	0.593557	0.491169	0	0	0	1	1	1	1
pool_b	2026	467200	40.6541	59.3459	0	0	0	0	100	0.593459	0.491188	0	0	0	1	1	1	1
close	all	16083360	0.0171171	72.5725	0	0	0	27.4104	72.5896	0.5	0.288471	0	0.0498938	0.249945	0.5	0.750068	0.937634	0.969823
close	2015	1424960	0.0170531	45.6741	0	0	0	54.3089	45.6911	0.5	0.288705	0	0.0498195	0.24991	0.5	0.75009	0.957785	0.969823
close	2016	1424960	0.0171233	49.4758	0	0	0	50.507	49.493	0.5	0.288655	0	0.0498313	0.249913	0.5	0.750088	0.952797	0.959637
close	2017	1424960	0.0171233	56.1776	0	0	0	43.8052	56.1948	0.5	0.288693	0	0.049878	0.249925	0.5	0.750075	0.960204	0.964737
close	2018	1419120	0.0171233	60.6626	0	0	0	39.3203	60.6797	0.5	0.288685	0	0.0498731	0.249929	0.5	0.750071	0.959693	0.966026
close	2019	1424960	0.0171233	63.4764	0	0	0	36.5065	63.4935	0.5	0.288639	0	0.0498798	0.25	0.5	0.750067	0.952355	0.962836
close	2020	1419120	0.0171233	68.8649	0	0	0	31.1179	68.8821	0.5	0.288558	0	0.0498883	0.249936	0.5	0.750064	0.945885	0.951423
close	2021	1419120	0.0171233	77.7532	0	0	0	22.2297	77.7703	0.5	0.288484	0	0.049897	0.249944	0.5	0.750056	0.940312	0.947512
close	2022	1413280	0.0171233	85.3541	0	0	0	14.6288	85.3712	0.5	0.288453	0	0.0499119	0.24995	0.5	0.75005	0.937744	0.943064
close	2023	1413280	0.0171233	91.6535	0	0	0	8.32942	91.6706	0.5	0.288387	0	0.0499174	0.249954	0.5	0.750047	0.934042	0.937968
close	2024	1413280	0.0171233	94.7898	0	0	0	5.1931	94.8069	0.5	0.288267	0	0.0499186	0.249955	0.5	0.750045	0.926748	0.933218
close	2025	1419120	0.0171233	96.5739	0	0	0	3.40901	96.591	0.5	0.288199	0	0.0499201	0.249956	0.5	0.750044	0.923929	0.92653
close	2026	467200	0.0171233	98.0109	0	0	0	1.97196	98.028	0.5	0.28821	0	0.0499299	0.249956	0.5	0.750044	0.924425	0.928247
mcap	all	16083360	0.0171171	72.5725	0	0	0	27.4104	72.5896	0.5	0.288667	0	0.0498927	0.249938	0.5	0.750062	0.954966	0.990344
mcap	2015	1424960	0.0170531	45.6741	0	0	0	54.3089	45.6911	0.5	0.288756	0	0.0498219	0.249908	0.5	0.750092	0.967601	0.981977
mcap	2016	1424960	0.0171233	49.4758	0	0	0	50.507	49.493	0.5	0.288767	0	0.0498298	0.249913	0.5	0.750087	0.95017	0.989299
mcap	2017	1424960	0.0171233	56.1776	0	0	0	43.8052	56.1948	0.5	0.288752	0	0.0498689	0.249925	0.5	0.750075	0.95116	0.990344
mcap	2018	1419120	0.0171233	60.6626	0	0	0	39.3203	60.6797	0.5	0.288738	0	0.0498718	0.249929	0.5	0.750071	0.954756	0.979208
mcap	2019	1424960	0.0171233	63.4764	0	0	0	36.5065	63.4935	0.5	0.288723	0	0.0498798	0.249932	0.5	0.750068	0.968358	0.977229
mcap	2020	1419120	0.0171233	68.8649	0	0	0	31.1179	68.8821	0.5	0.288656	0	0.0498877	0.249937	0.5	0.750063	0.955166	0.968636
mcap	2021	1419120	0.0171233	77.7532	0	0	0	22.2297	77.7703	0.5	0.288643	0	0.0498982	0.249944	0.5	0.750056	0.956168	0.960593
mcap	2022	1413280	0.0171233	85.3541	0	0	0	14.6288	85.3712	0.5	0.288642	0	0.0499068	0.24995	0.5	0.75005	0.956656	0.962883
mcap	2023	1413280	0.0171233	91.6535	0	0	0	8.32942	91.6706	0.5	0.288618	0	0.0499174	0.249954	0.5	0.750046	0.953997	0.960135
mcap	2024	1413280	0.0171233	94.7898	0	0	0	5.1931	94.8069	0.5	0.288595	0	0.0499187	0.249955	0.5	0.750045	0.95029	0.961112
mcap	2025	1419120	0.0171233	96.5739	0	0	0	3.40901	96.591	0.5	0.288627	0	0.0499201	0.249956	0.5	0.750044	0.955754	0.960071
mcap	2026	467200	0.0171233	98.0109	0	0	0	1.97196	98.028	0.5	0.28861	0	0.0499302	0.249957	0.5	0.750044	0.953916	0.95615
fmcap	all	16083360	0.0171171	72.5725	0	0	0	27.4104	72.5896	0.5	0.288362	0	0.0498927	0.249938	0.5	0.750062	0.933541	0.959333
fmcap	2015	1424960	0.0170531	45.6741	0	0	0	54.3089	45.6911	0.5	0.288583	0	0.0498219	0.249908	0.5	0.750092	0.944947	0.951961
fmcap	2016	1424960	0.0171233	49.4758	0	0	0	50.507	49.493	0.5	0.28863	0	0.0498298	0.249913	0.5	0.750087	0.94928	0.959333
fmcap	2017	1424960	0.0171233	56.1776	0	0	0	43.8052	56.1948	0.5	0.288291	0	0.0498689	0.249925	0.5	0.750075	0.929399	0.941176
fmcap	2018	1419120	0.0171233	60.6626	0	0	0	39.3203	60.6797	0.5	0.28839	0	0.0498718	0.249929	0.5	0.750071	0.93599	0.941874
fmcap	2019	1424960	0.0171233	63.4764	0	0	0	36.5065	63.4935	0.5	0.288466	0	0.0498798	0.249932	0.5	0.750068	0.938324	0.94275
fmcap	2020	1419120	0.0171233	68.8649	0	0	0	31.1179	68.8821	0.5	0.288497	0	0.0498872	0.249937	0.5	0.750063	0.940515	0.944302
fmcap	2021	1419120	0.0171233	77.7532	0	0	0	22.2297	77.7703	0.5	0.288357	0	0.0498982	0.249944	0.5	0.750056	0.931325	0.936359
fmcap	2022	1413280	0.0171233	85.3541	0	0	0	14.6288	85.3712	0.5	0.288226	0	0.0499068	0.24995	0.5	0.75005	0.924455	0.929178
fmcap	2023	1413280	0.0171233	91.6535	0	0	0	8.32942	91.6706	0.5	0.288205	0	0.0499171	0.249954	0.5	0.750046	0.923737	0.926563
fmcap	2024	1413280	0.0171233	94.7898	0	0	0	5.1931	94.8069	0.5	0.288225	0	0.0499187	0.249955	0.5	0.750045	0.926611	0.932226
fmcap	2025	1419120	0.0171233	96.5739	0	0	0	3.40901	96.591	0.5	0.288376	0	0.0499201	0.249956	0.5	0.750044	0.93374	0.937302
fmcap	2026	467200	0.0171233	98.0109	0	0	0	1.97196	98.028	0.5	0.288393	0	0.0499302	0.249957	0.5	0.750044	0.934277	0.935622
pe_ttm4	all	16083360	0.0171171	71.9216	0	0	0	28.0613	71.9387	0.5	0.288541	0	0.0498942	0.249937	0.5	0.750063	0.944245	0.966764
pe_ttm4	2015	1424960	0.0170531	42.4088	0	0	0	57.5742	42.4258	0.5	0.288574	0	0.0498411	0.249901	0.5	0.750099	0.944338	0.954284
pe_ttm4	2016	1424960	0.0171233	48.2301	0	0	0	51.7528	48.2472	0.5	0.288485	0	0.0498455	0.249911	0.5	0.750089	0.937807	0.943725
pe_ttm4	2017	1424960	0.0171233	55.9244	0	0	0	44.0585	55.9415	0.5	0.288635	0	0.0498658	0.249923	0.5	0.750077	0.953331	0.963242
pe_ttm4	2018	1419120	0.0171233	60.6226	0	0	0	39.3602	60.6398	0.5	0.288632	0	0.0498856	0.249929	0.5	0.750071	0.951622	0.965942
pe_ttm4	2019	1424960	0.0171233	63.4421	0	0	0	36.5407	63.4593	0.5	0.288571	0	0.0498801	0.249932	0.5	0.750068	0.946175	0.952433
pe_ttm4	2020	1419120	0.0171233	68.7057	0	0	0	31.2772	68.7228	0.5	0.288437	0	0.0498877	0.249938	0.5	0.750062	0.936379	0.942599
pe_ttm4	2021	1419120	0.0171233	77.4833	0	0	0	22.4996	77.5004	0.5	0.288502	0	0.0499037	0.249944	0.5	0.750056	0.941895	0.948249
pe_ttm4	2022	1413280	0.0171233	84.9282	0	0	0	15.0547	84.9453	0.5	0.288514	0	0.0499082	0.249949	0.5	0.750051	0.943608	0.950686
pe_ttm4	2023	1413280	0.0171233	91.1499	0	0	0	8.833	91.167	0.5	0.288551	0	0.0499139	0.249953	0.5	0.750047	0.946564	0.952237
pe_ttm4	2024	1413280	0.0171233	94.2706	0	0	0	5.71224	94.2878	0.5	0.28864	0	0.049918	0.249955	0.5	0.750045	0.958045	0.966764
pe_ttm4	2025	1419120	0.0171233	96.0989	0	0	0	3.88396	96.116	0.5	0.288484	0	0.0499112	0.249955	0.5	0.750045	0.940621	0.956385
pe_ttm4	2026	467200	0.0171233	97.4899	0	0	0	2.49294	97.5071	0.5	0.288422	0	0.0499121	0.249956	0.5	0.750044	0.936536	0.939431
pb_ttm1	all	16083360	0.0171171	72.563	0	0	0	27.4199	72.5801	0.5	0.288591	0	0.0498937	0.249939	0.5	0.750062	0.948184	0.969099
pb_ttm1	2015	1424960	0.0170531	45.5849	0	0	0	54.398	45.602	0.5	0.288668	0	0.0498375	0.249907	0.5	0.750091	0.952605	0.969099
pb_ttm1	2016	1424960	0.0171233	49.4573	0	0	0	50.5256	49.4744	0.5	0.2886	0	0.0498398	0.249913	0.5	0.750087	0.946898	0.953336
pb_ttm1	2017	1424960	0.0171233	56.1776	0	0	0	43.8052	56.1948	0.5	0.288657	0	0.0498689	0.249924	0.5	0.750075	0.954898	0.958283
pb_ttm1	2018	1419120	0.0171233	60.6626	0	0	0	39.3203	60.6797	0.5	0.28868	0	0.0498718	0.249929	0.5	0.750071	0.958535	0.966871
pb_ttm1	2019	1424960	0.0171233	63.4764	0	0	0	36.5065	63.4935	0.5	0.288663	0	0.0498908	0.249932	0.5	0.750068	0.956475	0.965456
pb_ttm1	2020	1419120	0.0171233	68.8649	0	0	0	31.1179	68.8821	0.5	0.288576	0	0.0498877	0.249937	0.5	0.750063	0.948302	0.955698
pb_ttm1	2021	1419120	0.0171233	77.7532	0	0	0	22.2297	77.7703	0.5	0.288551	0	0.0498982	0.249945	0.5	0.750055	0.94654	0.951392
pb_ttm1	2022	1413280	0.0171233	85.3541	0	0	0	14.6288	85.3712	0.5	0.288557	0	0.0499068	0.24995	0.5	0.75005	0.946834	0.954129
pb_ttm1	2023	1413280	0.0171233	91.6535	0	0	0	8.32942	91.6706	0.5	0.288558	0	0.0499174	0.249954	0.5	0.750046	0.94698	0.955746
pb_ttm1	2024	1413280	0.0171233	94.7898	0	0	0	5.1931	94.8069	0.5	0.288596	0	0.0499187	0.249955	0.5	0.750045	0.951844	0.962041
pb_ttm1	2025	1419120	0.0171233	96.5739	0	0	0	3.40901	96.591	0.5	0.288539	0	0.0499201	0.249956	0.5	0.750044	0.946181	0.952952
pb_ttm1	2026	467200	0.0171233	98.0109	0	0	0	1.97196	98.028	0.5	0.288488	0	0.0499302	0.249957	0.5	0.750044	0.941387	0.943456
ps_ttm4	all	16083360	0.0171109	72.5701	0	0	0	27.4127	72.5872	0.5	0.288088	0	0.0498927	0.249939	0.5	0.750061	0.919405	0.924887
ps_ttm4	2015	1424960	0.0170531	45.6661	0	0	0	54.3169	45.6831	0.5	0.288121	0	0.0498224	0.24991	0.5	0.75009	0.918259	0.922218
ps_ttm4	2016	1424960	0.0171233	49.4758	0	0	0	50.507	49.493	0.5	0.287968	0	0.0498298	0.249913	0.5	0.750087	0.913287	0.917639
ps_ttm4	2017	1424960	0.0171233	56.1776	0	0	0	43.8052	56.1948	0.5	0.28797	0	0.0498689	0.249925	0.5	0.750076	0.913169	0.916241
ps_ttm4	2018	1419120	0.0171233	60.6626	0	0	0	39.3203	60.6797	0.5	0.288122	0	0.0498718	0.249929	0.5	0.750071	0.919767	0.922232
ps_ttm4	2019	1424960	0.0171233	63.4764	0	0	0	36.5065	63.4935	0.5	0.288159	0	0.0498798	0.249932	0.5	0.750068	0.920557	0.922371
ps_ttm4	2020	1419120	0.0170528	68.8649	0	0	0	31.1181	68.8819	0.5	0.288119	0	0.0498876	0.249937	0.5	0.750063	0.918912	0.92138
ps_ttm4	2021	1419120	0.0171233	77.748	0	0	0	22.2349	77.7651	0.5	0.288076	0	0.049897	0.249945	0.5	0.750055	0.918087	0.919885
ps_ttm4	2022	1413280	0.0171233	85.3496	0	0	0	14.6333	85.3667	0.5	0.288101	0	0.0499078	0.24995	0.5	0.75005	0.919934	0.923181
ps_ttm4	2023	1413280	0.0171233	91.6535	0	0	0	8.32942	91.6706	0.5	0.288131	0	0.0499174	0.249954	0.5	0.750046	0.920697	0.923549
ps_ttm4	2024	1413280	0.0171233	94.7898	0	0	0	5.1931	94.8069	0.5	0.288147	0	0.0499187	0.249955	0.5	0.750045	0.921827	0.924887
ps_ttm4	2025	1419120	0.0171233	96.5706	0	0	0	3.41226	96.5877	0.5	0.288037	0	0.0499201	0.249956	0.5	0.750044	0.916207	0.919946
ps_ttm4	2026	467200	0.0171233	97.9938	0	0	0	1.98908	98.0109	0.5	0.288021	0	0.0499387	0.249956	0.5	0.750044	0.91579	0.916972
pcf_ttm4	all	16083360	0.000317098	66.7101	0	0	0	33.2896	66.7104	0.5	0.288426	0	0.0389629	0.249937	0.5	0.750063	0.937122	1
pcf_ttm4	2015	1424960	0.00357905	2.32407	0	0	0	97.6724	2.32764	0.5	0.290661	0	0.0367647	0.248175	0.5	0.751825	0.961538	1
pcf_ttm4	2016	1424960	0	37.9081	0	0	0	62.0919	37.9081	0.5	0.288391	0.0181564	0.0321085	0.249913	0.5	0.750087	0.931151	0.975248
pcf_ttm4	2017	1424960	0	55.7841	0	0	0	44.2159	55.7841	0.5	0.288449	0.0290375	0.0376816	0.249924	0.5	0.750076	0.941176	0.944644
pcf_ttm4	2018	1419120	0	60.4516	0	0	0	39.5484	60.4516	0.5	0.288483	0.0326633	0.0398808	0.249929	0.5	0.750071	0.944092	0.948965
pcf_ttm4	2019	1424960	0	63.1343	0	0	0	36.8657	63.1343	0.5	0.288417	0.0207109	0.0337576	0.249932	0.5	0.750068	0.934903	0.943047
pcf_ttm4	2020	1419120	0	68.0825	0	0	0	31.9175	68.0825	0.5	0.288315	0.0236924	0.0270066	0.249935	0.5	0.750065	0.929964	0.934067
pcf_ttm4	2021	1419120	0	76.7616	0	0	0	23.2384	76.7616	0.5	0.288323	0.0237363	0.0277718	0.249944	0.5	0.750056	0.931235	0.934783
pcf_ttm4	2022	1413280	0	84.0686	0	0	0	15.9314	84.0686	0.5	0.288379	0.0234097	0.0296846	0.249949	0.5	0.750051	0.93539	0.938702
pcf_ttm4	2023	1413280	0	88.4626	0	0	0	11.5374	88.4626	0.5	0.288447	0.0200787	0.0499033	0.249952	0.5	0.750048	0.93972	0.942592
pcf_ttm4	2024	1413280	0	92.6114	0	0	0	7.38863	92.6114	0.5	0.288538	0.0231197	0.0291516	0.249955	0.5	0.750045	0.948763	0.952497
pcf_ttm4	2025	1419120	0	95.189	0	0	0	4.81101	95.189	0.5	0.28843	0.0206921	0.0498201	0.249955	0.5	0.750045	0.937556	0.945656
pcf_ttm4	2026	467200	0	96.3076	0	0	0	3.69242	96.3076	0.5	0.288396	0.0208742	0.0499378	0.249955	0.5	0.750045	0.935458	0.937888
roe_ttm4	all	16083360	0.000447668	71.5664	0	0	0	28.4331	71.5669	0.5	0.288525	0	0.0564626	0.249943	0.5	0.750058	0.958434	1
roe_ttm4	2015	1424960	0.00505277	2.94563	0	0	0	97.0493	2.95068	0.5	0.290183	0	0.047619	0.248588	0.5	0.751412	0.956432	1
roe_ttm4	2016	1424960	0	44.2536	0	0	0	55.7464	44.2536	0.5	0.288662	0.0141243	0.0351622	0.249923	0.5	0.750077	0.958648	0.968678
roe_ttm4	2017	1424960	0	65.367	0	0	0	34.633	65.367	0.5	0.28863	0.0208745	0.0348568	0.249935	0.5	0.750065	0.955606	0.958767
roe_ttm4	2018	1419120	0	70.582	0	0	0	29.418	70.582	0.5	0.288638	0.0185905	0.0486161	0.249939	0.5	0.750061	0.956134	0.960682
roe_ttm4	2019	1424960	0	71.803	0	0	0	28.197	71.803	0.5	0.288591	0.0253911	0.0457979	0.24994	0.5	0.75006	0.959612	0.964759
roe_ttm4	2020	1419120	0	74.7267	0	0	0	25.2733	74.7267	0.5	0.288579	0.0425827	0.0466245	0.249943	0.5	0.750057	0.963994	0.970303
roe_ttm4	2021	1419120	0	79.9772	0	0	0	20.0228	79.9772	0.5	0.288557	0.0462657	0.0498328	0.249947	0.5	0.750053	0.964755	0.973569
roe_ttm4	2022	1413280	0	85.8301	0	0	0	14.1699	85.8301	0.5	0.288516	0.0488722	0.0560101	0.24995	0.5	0.75005	0.968425	0.973962
roe_ttm4	2023	1413280	0	92.0934	0	0	0	7.90657	92.0934	0.5	0.288467	0.0554182	0.0586182	0.249953	0.5	0.750047	0.97207	0.977792
roe_ttm4	2024	1413280	0	94.8907	0	0	0	5.10925	94.8907	0.5	0.28841	0.0603729	0.0638624	0.249955	0.5	0.750045	0.95009	0.980869
roe_ttm4	2025	1419120	0	96.6796	0	0	0	3.32037	96.6796	0.5	0.288367	0.0638507	0.0666257	0.249956	0.5	0.750044	0.95008	0.982317
roe_ttm4	2026	467200	0	98.1149	0	0	0	1.88506	98.1149	0.5	0.288379	0.0645695	0.0663292	0.249956	0.5	0.750044	0.950088	0.98179
roa_ttm4	all	16083360	0.000671502	70.7805	0	0	0	29.2189	70.7811	0.5	0.288601	0	0.0456472	0.249941	0.5	0.750058	0.954545	1
roa_ttm4	2015	1424960	0.00757916	2.95194	0	0	0	97.0405	2.95952	0.5	0.290197	0	0.047619	0.248941	0.5	0.751059	0.96	1
roa_ttm4	2016	1424960	0	44.0526	0	0	0	55.9474	44.0526	0.5	0.288647	0.0145379	0.0279666	0.249926	0.5	0.750074	0.952012	0.968858
roa_ttm4	2017	1424960	0	64.8144	0	0	0	35.1856	64.8144	0.5	0.288613	0.0158568	0.0498842	0.249935	0.5	0.750065	0.951136	0.955101
roa_ttm4	2018	1419120	0	69.6831	0	0	0	30.3169	69.6831	0.5	0.288617	0.014377	0.0499012	0.249939	0.5	0.750061	0.95244	0.955142
roa_ttm4	2019	1424960	0	70.7069	0	0	0	29.2931	70.7069	0.5	0.288577	0.0215159	0.0392557	0.249939	0.5	0.750061	0.952524	0.957762
roa_ttm4	2020	1419120	0	73.636	0	0	0	26.364	73.636	0.5	0.288574	0.0361333	0.0397442	0.249941	0.5	0.750059	0.956011	0.960165
roa_ttm4	2021	1419120	0	78.9786	0	0	0	21.0214	78.9786	0.5	0.288599	0.0373466	0.0398845	0.249946	0.5	0.750054	0.959813	0.966413
roa_ttm4	2022	1413280	0	84.8957	0	0	0	15.1043	84.8957	0.5	0.288601	0.0375807	0.0428717	0.24995	0.5	0.75005	0.964772	0.96683
roa_ttm4	2023	1413280	0	91.0998	0	0	0	8.90022	91.0998	0.5	0.288586	0.0428846	0.0471611	0.249953	0.5	0.750047	0.966292	0.976815
roa_ttm4	2024	1413280	0	93.9903	0	0	0	6.00971	93.9903	0.5	0.288577	0.0452799	0.0488292	0.249954	0.5	0.750046	0.972485	0.976512
roa_ttm4	2025	1419120	0	95.7479	0	0	0	4.25214	95.7479	0.5	0.288588	0.0457441	0.0470355	0.249955	0.5	0.750045	0.950098	0.978481
roa_ttm4	2026	467200	0	97.1432	0	0	0	2.85681	97.1432	0.5	0.288602	0.0443016	0.045615	0.249956	0.5	0.750044	0.950176	0.977903
dy_ttm4	all	16083360	0.01703	63.3428	0	0	0	36.6402	63.3598	0.5	0.288244	0	0.0498753	0.249943	0.5	0.750061	0.925696	0.93696
dy_ttm4	2015	1424960	0.0167022	34.3588	0	0	0	65.6245	34.3755	0.5	0.288346	0	0.0497648	0.249882	0.5	0.750125	0.928505	0.93402
dy_ttm4	2016	1424960	0.0171233	39.542	0	0	0	60.4409	39.5591	0.5	0.288242	0	0.0497908	0.24989	0.5	0.750114	0.922482	0.926585
dy_ttm4	2017	1424960	0.0169128	45.0074	0	0	0	54.9757	45.0243	0.5	0.288324	0	0.0498531	0.249911	0.5	0.750094	0.927885	0.931203
dy_ttm4	2018	1419120	0.0171233	51.8828	0	0	0	48.1001	51.8999	0.5	0.288335	0	0.0498223	0.249911	0.5	0.750085	0.92866	0.933298
dy_ttm4	2019	1424960	0.0171233	56.0983	0	0	0	43.8846	56.1154	0.5	0.288316	0	0.0498132	0.249925	0.5	0.750075	0.93072	0.934153
dy_ttm4	2020	1419120	0.0171233	59.5074	0	0	0	40.4755	59.5245	0.5	0.288089	0	0.0498619	0.249931	0.5	0.75	0.917759	0.923561
dy_ttm4	2021	1419120	0.0171233	66.5684	0	0	0	33.4145	66.5855	0.5	0.288173	0	0.049891	0.249931	0.5	0.750068	0.922092	0.925331
dy_ttm4	2022	1413280	0.0171233	74.8906	0	0	0	25.0923	74.9077	0.5	0.288234	0	0.0499029	0.249945	0.5	0.750055	0.924565	0.932108
dy_ttm4	2023	1413280	0.0166987	81.9356	0	0	0	18.0477	81.9523	0.5	0.288207	0	0.0499017	0.249949	0.5	0.750051	0.923835	0.926046
dy_ttm4	2024	1413280	0.0171233	87.557	0	0	0	12.4258	87.5742	0.5	0.288345	0	0.0499064	0.249952	0.5	0.75005	0.931433	0.93696
dy_ttm4	2025	1419120	0.0171233	90.6376	0	0	0	9.34523	90.6548	0.5	0.288214	0	0.0499241	0.249953	0.5	0.750047	0.925672	0.930359
dy_ttm4	2026	467200	0.0171233	91.6849	0	0	0	8.29795	91.7021	0.5	0.288102	0	0.0498879	0.249953	0.5	0.750047	0.919189	0.920355
pool	all	16083360	98.6306	1.36937	0	0	0	0	100	0.0136937	0.116216	0	0	0	0	0	0	1
pool	2015	1424960	98.6357	1.36425	0	0	0	0	100	0.0136425	0.116002	0	0	0	0	0	0	1
pool	2016	1424960	98.6301	1.36986	0	0	0	0	100	0.0136986	0.116237	0	0	0	0	0	0	1
pool	2017	1424960	98.6301	1.36986	0	0	0	0	100	0.0136986	0.116237	0	0	0	0	0	0	1
pool	2018	1419120	98.6301	1.36986	0	0	0	0	100	0.0136986	0.116237	0	0	0	0	0	0	1
pool	2019	1424960	98.6301	1.36986	0	0	0	0	100	0.0136986	0.116237	0	0	0	0	0	0	1
pool	2020	1419120	98.6301	1.36986	0	0	0	0	100	0.0136986	0.116237	0	0	0	0	0	0	1
pool	2021	1419120	98.6301	1.36986	0	0	0	0	100	0.0136986	0.116237	0	0	0	0	0	0	1
pool	2022	1413280	98.6301	1.36986	0	0	0	0	100	0.0136986	0.116237	0	0	0	0	0	0	1
pool	2023	1413280	98.6301	1.36986	0	0	0	0	100	0.0136986	0.116237	0	0	0	0	0	0	1
pool	2024	1413280	98.6301	1.36986	0	0	0	0	100	0.0136986	0.116237	0	0	0	0	0	0	1
pool	2025	1419120	98.6301	1.36986	0	0	0	0	100	0.0136986	0.116237	0	0	0	0	0	0	1
pool	2026	467200	98.6301	1.36986	0	0	0	0	100	0.0136986	0.116237	0	0	0	0	0	0	1
